Development,Georgi,Facello,1986-06-26,9999-01-01
Sales,Bezalel,Simmel,1996-08-03,9999-01-01
Production,Parto,Bamford,1995-12-03,9999-01-01
Production,Chirstian,Koblick,1986-12-01,9999-01-01
Human Resources,Kyoichi,Maliniak,1989-09-12,9999-01-01
Development,Anneke,Preusig,1990-08-05,9999-01-01
Research,Tzvetan,Zielinski,1989-02-10,9999-01-01
Development,Saniya,Kalloufi,1998-03-11,2000-07-31
Quality Management,Sumant,Peac,1985-02-18,9999-01-01
Production,Duangkaew,Piveteau,1996-11-24,2000-06-26
Quality Management,Duangkaew,Piveteau,2000-06-26,9999-01-01
Customer Service,Mary,Sluis,1990-01-22,1996-11-09
Development,Patricio,Bridgland,1992-12-18,9999-01-01
Human Resources,Eberhardt,Terkki,1985-10-20,9999-01-01
Development,Berni,Genin,1993-12-29,9999-01-01
Research,Guoxiang,Nooteboom,1992-09-19,1993-08-22
Sales,Kazuhito,Cappelletti,1998-02-11,9999-01-01
Marketing,Cristinel,Bouloucos,1993-08-03,9999-01-01
Development,Kazuhide,Peha,1987-04-03,1992-07-29
Production,Kazuhide,Peha,1992-07-29,9999-01-01
Research,Lillian,Haddadi,1999-04-30,9999-01-01
Production,Mayuko,Warwick,1997-12-30,9999-01-01
Development,Ramzi,Erde,1988-02-10,2002-07-15
Development,Shahaf,Famili,1999-09-03,9999-01-01
Development,Bojan,Montemayor,1999-09-27,9999-01-01
Production,Suzette,Pettey,1998-06-14,9999-01-01
Development,Prasadram,Heyers,1987-08-17,1997-10-15
Production,Yongqiao,Berztiss,1995-03-20,9999-01-01
Development,Divier,Reistad,1995-04-02,9999-01-01
Development,Domenick,Tempesti,1991-10-22,1998-04-06
Production,Otmar,Herbst,1991-09-18,1999-07-08
Quality Management,Otmar,Herbst,1999-07-08,9999-01-01
Production,Elvis,Demeyer,1994-02-17,9999-01-01
Development,Karsten,Joslin,1991-09-01,9999-01-01
Production,Jeong,Reistad,1990-06-20,9999-01-01
Quality Management,Arif,Merlo,1987-03-18,1993-03-24
Sales,Bader,Swan,1995-04-12,1999-10-31
Production,Alain,Chappelet,1988-09-05,9999-01-01
Human Resources,Adamantios,Portugali,1992-04-28,9999-01-01
Development,Pradeep,Makrucki,1990-12-05,9999-01-01
Customer Service,Huan,Lortz,1989-09-20,9999-01-01
Human Resources,Alejandro,Brender,1988-01-19,9999-01-01
Development,Weiyi,Meriste,1993-02-14,2002-01-22
Research,Weiyi,Meriste,2002-01-22,9999-01-01
Sales,Uri,Lenart,1989-11-12,9999-01-01
Finance,Magy,Stamatiou,1993-03-21,2000-08-10
Development,Yishay,Tzvieli,1990-10-20,9999-01-01
Production,Mingsen,Casley,1994-05-21,9999-01-01
Production,Moss,Shanbhogue,1996-11-16,9999-01-01
Research,Lucien,Rosenbaum,1992-06-20,9999-01-01
Production,Zvonko,Nyanchama,1989-03-31,9999-01-01
Development,Florian,Syrotiuk,1985-02-24,1987-01-27
Customer Service,Basil,Tramer,1992-05-04,9999-01-01
Finance,Yinghua,Dredge,1990-12-25,1992-11-05
Sales,Yinghua,Dredge,1992-11-05,9999-01-01
Production,Hidefumi,Caine,1992-10-15,9999-01-01
Research,Heping,Nitsch,1997-01-31,9999-01-01
Sales,Sanjiv,Zschoche,1994-11-13,9999-01-01
Human Resources,Mayumi,Schueller,1995-07-29,9999-01-01
Marketing,Georgy,Dredge,1992-04-27,1995-07-22
Development,Brendon,Bernini,1990-02-01,9999-01-01
Development,Ebbe,Callaway,1992-01-15,9999-01-01
Marketing,Berhard,McFarlin,1988-04-25,9999-01-01
Finance,Alejandro,McAlpine,1991-06-26,9999-01-01
Customer Service,Breannda,Billingsley,1992-11-11,9999-01-01
Sales,Breannda,Billingsley,1989-05-28,1992-11-11
Sales,Tse,Herber,1989-12-02,9999-01-01
Development,Anoosh,Peyn,1991-08-30,9999-01-01
Production,Gino,Leonhardt,1989-04-08,9999-01-01
Research,Udi,Jansch,1985-11-20,1992-03-02
Development,Satosi,Awdeh,1998-05-24,9999-01-01
Development,Kwee,Schusler,1986-02-26,9999-01-01
Quality Management,Claudi,Stavenow,1987-03-04,9999-01-01
Sales,Charlene,Brattka,1987-08-07,9999-01-01
Production,Margareta,Bierman,1992-06-14,9999-01-01
Development,Reuven,Garigliano,1985-10-14,1995-10-18
Research,Reuven,Garigliano,1995-10-18,9999-01-01
Human Resources,Hisao,Lipner,1995-08-05,9999-01-01
Development,Hironoby,Sidou,1989-05-21,9999-01-01
Quality Management,Shir,McClurg,1998-02-02,1998-02-22
Development,Mokhtar,Bernatsky,1990-08-13,9999-01-01
Development,Gao,Dolinsky,1988-05-17,2001-01-15
Development,Erez,Ritzmann,1996-07-15,9999-01-01
Human Resources,Mona,Azuma,1994-12-23,9999-01-01
Development,Danel,Mondadori,1994-09-29,9999-01-01
Development,Kshitij,Gils,1995-12-13,9999-01-01
Finance,Premal,Baek,1994-09-28,1997-07-09
Human Resources,Premal,Baek,1997-07-09,9999-01-01
Production,Zhongwei,Rosen,1986-10-30,9999-01-01
Research,Parviz,Lortz,1990-01-03,1990-01-15
Production,Vishv,Zockler,1987-03-31,9999-01-01
Production,Tuval,Kalloufi,1995-12-15,9999-01-01
Production,Kenroku,Malabarba,1994-04-09,9999-01-01
Human Resources,Somnath,Foote,1992-02-19,9999-01-01
Sales,Xinglin,Eugenio,1997-05-08,2001-01-09
Customer Service,Jungsoon,Syrzycki,1992-03-21,9999-01-01
Sales,Jungsoon,Syrzycki,1988-09-02,1992-03-21
Sales,Sudharsan,Flasterstein,1989-01-10,9999-01-01
Development,Kendra,Hofting,1986-03-14,1999-05-07
Development,Amabile,Gomatam,1992-11-18,9999-01-01
Development,Valdiodio,Niizuma,1996-04-22,9999-01-01
Sales,Sailaja,Desikan,1997-06-08,9999-01-01
Research,Arumugam,Ossenbruggen,1987-04-18,1997-11-08
Sales,Hilari,Morton,1994-03-10,9999-01-01
Production,Jayson,Mandell,1999-01-23,9999-01-01
Research,Remzi,Waschkowski,1990-09-15,9999-01-01
Customer Service,Sreekrishna,Servieres,1989-06-29,1992-12-11
Production,Sreekrishna,Servieres,1985-05-13,1989-06-29
Sales,Valter,Sullins,1988-10-18,9999-01-01
Human Resources,Hironobu,Haraldson,1987-09-21,9999-01-01
Sales,Perla,Heyers,1998-10-14,2000-09-23
Production,Paraskevi,Luby,1995-01-02,9999-01-01
Development,Akemi,Birch,1998-01-12,9999-01-01
Research,Xinyu,Warwick,1987-04-16,9999-01-01
Human Resources,Hironoby,Piveteau,1999-05-17,2001-06-11
Production,Eben,Aingworth,1991-10-27,9999-01-01
Sales,Dung,Baca,1999-03-30,9999-01-01
Human Resources,Lunjin,Giveon,1999-03-20,1999-12-06
Marketing,Lunjin,Giveon,1999-12-06,2001-10-20
Production,Mariusz,Prampolini,1993-06-16,9999-01-01
Human Resources,Xuejia,Ullian,1986-08-22,9999-01-01
Quality Management,Hugo,Rosis,1988-12-19,9999-01-01
Customer Service,Yuichiro,Swick,1998-05-01,9999-01-01
Production,Jaewon,Syrzycki,1998-09-14,9999-01-01
Research,Munir,Demeyer,1992-07-17,9999-01-01
Customer Service,Chikara,Rissland,1988-03-03,1992-05-24
Development,Dayanand,Czap,1994-02-27,1995-12-03
Research,Dayanand,Czap,1995-12-03,1998-11-01
Production,Kiyotoshi,Blokdijk,1992-03-19,9999-01-01
Development,Zhonghui,Zyda,1992-02-02,9999-01-01
Production,Domenick,Peltason,1993-12-09,1997-10-30
Production,Armond,Fairtlough,1996-07-06,9999-01-01
Development,Guoxiang,Ramsay,1989-05-03,9999-01-01
Development,Ohad,Esposito,1998-08-06,9999-01-01
Production,Hinrich,Randi,1993-01-15,9999-01-01
Production,Geraldo,Marwedel,1991-09-05,1999-06-06
Quality Management,Geraldo,Marwedel,1999-06-06,9999-01-01
Sales,Syozo,Hiltgen,1990-10-26,1996-03-25
Customer Service,Kayoko,Valtorta,1985-09-08,9999-01-01
Development,Subir,Baja,1991-05-17,9999-01-01
Customer Service,Babette,Lamba,1988-06-06,9999-01-01
Development,Armond,Peir,1996-01-16,9999-01-01
Production,Nishit,Casperson,1988-06-21,9999-01-01
Production,Magdalena,Eldridge,1999-09-17,1999-12-06
Finance,Ayakannu,Skrikant,1997-06-18,9999-01-01
Production,Giri,Isaak,1985-12-15,9999-01-01
Development,Diederik,Siprelle,1987-12-12,1993-12-02
Production,Diederik,Siprelle,1993-12-02,9999-01-01
Production,Nathan,Monkewich,1990-01-04,9999-01-01
Sales,Zissis,Pintelas,1988-06-13,1999-09-20
Customer Service,Maren,Hutton,1985-02-18,9999-01-01
Quality Management,Perry,Shimshoni,1992-03-03,9999-01-01
Development,Ewing,Foong,1998-03-15,9999-01-01
Marketing,Yucel,Auria,1991-03-14,9999-01-01
Research,Shahaf,Ishibashi,1998-07-23,9999-01-01
Development,Tzvetan,Hettesheimer,1993-10-28,9999-01-01
Development,Sakthirel,Bakhtari,1988-09-30,9999-01-01
Finance,Marla,Brendel,1985-10-14,1988-09-02
Human Resources,Marla,Brendel,1988-09-02,1993-08-10
Development,Akemi,Esposito,1999-11-03,9999-01-01
Finance,Chenyi,Syang,1988-06-28,1990-09-07
Finance,Kazuhito,Encarnacion,1987-12-18,9999-01-01
Sales,Douadi,Azumi,1996-07-15,9999-01-01
Sales,Xiadong,Perry,1994-01-28,1996-08-27
Development,Zhenbing,Perng,1986-11-16,9999-01-01
Sales,Itzchak,Lichtner,1992-12-12,9999-01-01
Quality Management,Jaques,Munro,1986-01-27,1987-08-03
Development,Heekeun,Majewski,2000-01-08,9999-01-01
Customer Service,Abdulah,Thibadeau,1996-10-23,9999-01-01
Production,Adas,Nastansky,1990-07-12,9999-01-01
Research,Adas,Nastansky,1990-01-05,1990-07-12
Quality Management,Sumali,Fargier,1993-05-14,9999-01-01
Development,Nigel,Aloisi,1997-12-10,9999-01-01
Production,Khedija,Mitsuhashi,1987-06-04,9999-01-01
Quality Management,Serif,Buescher,1996-06-12,9999-01-01
Sales,Debatosh,Khasidashvili,1993-12-06,9999-01-01
Production,Hairong,Mellouli,1991-06-09,1994-01-05
Production,Florina,Eugenio,1998-05-27,9999-01-01
Human Resources,Karsten,Szmurlo,1992-02-02,9999-01-01
Customer Service,Jagoda,Braunmuhl,2000-05-31,9999-01-01
Production,Jagoda,Braunmuhl,1990-10-19,2000-05-31
Finance,Miyeon,Macedo,1988-05-17,9999-01-01
Development,Samphel,Siegrist,1996-09-02,9999-01-01
Production,Duangkaew,Rassart,1992-04-04,9999-01-01
Research,Dharmaraja,Stassinopoulos,1986-12-06,9999-01-01
Development,Sampalli,Snedden,1998-06-28,9999-01-01
Production,Kasturi,Jenevein,1986-01-02,1989-02-06
Production,Herbert,Trachtenberg,1996-08-05,9999-01-01
Development,Shigeu,Matzen,1998-02-04,1998-10-01
Research,Shigeu,Matzen,1998-10-01,9999-01-01
Finance,Shrikanth,Mahmud,1992-03-21,9999-01-01
Production,Badri,Furudate,1987-06-01,9999-01-01
Marketing,Aleksandar,Ananiadou,1988-09-24,1995-05-24
Customer Service,Brendon,Lenart,1994-12-22,9999-01-01
Finance,Pragnesh,Iisaka,1993-02-06,1994-03-17
Sales,Valery,Litvinov,1994-03-21,9999-01-01
Development,Deniz,Duclos,2000-01-25,9999-01-01
Finance,Shaw,Wendorf,1994-07-01,9999-01-01
Development,Sibyl,Nooteboom,1988-06-22,9999-01-01
Development,Moriyoshi,Merey,1990-09-02,1999-01-05
Research,Moriyoshi,Merey,1999-01-05,9999-01-01
Customer Service,Mechthild,Bonifati,1996-08-11,9999-01-01
Customer Service,Mihalis,Lowrie,1997-12-26,9999-01-01
Sales,Duro,Sidhu,1986-03-01,9999-01-01
Finance,Shigehito,Kropatsch,1996-12-25,1997-08-16
Finance,Tommaso,Narwekar,1991-06-01,9999-01-01
Production,Christ,Muchinsky,1987-08-27,9999-01-01
Development,Khalid,Erva,1992-09-13,1993-06-29
Production,Arve,Fairtlough,1986-06-23,9999-01-01
Development,Zdislav,Nastansky,1986-04-10,9999-01-01
Production,Mohua,Falck,1999-08-09,9999-01-01
Quality Management,Mohua,Falck,1988-06-13,1999-08-09
Development,Masaru,Cheshire,1996-09-21,9999-01-01
Finance,Josyula,Hofmeyr,1997-02-14,9999-01-01
Production,Annemarie,Redmiles,1985-02-15,2001-04-14
Finance,Marc,Hellwagner,1999-01-31,9999-01-01
Development,Kasidit,Krzyzanowski,1994-06-28,9999-01-01
Development,Pranav,Furedi,1985-08-31,9999-01-01
Sales,Kazuhisa,Ranta,1998-02-07,9999-01-01
Production,Vidya,Awdeh,1994-02-17,2000-10-03
Quality Management,Vidya,Awdeh,2000-10-03,9999-01-01
Development,Idoia,Kavraki,1992-11-10,9999-01-01
Development,Greger,Lichtner,1991-10-06,9999-01-01
Research,Steen,Escriba,1989-04-06,9999-01-01
Development,Nevio,Ritcey,1998-12-18,1999-03-08
Production,Mabhin,Leijenhorst,1993-08-23,9999-01-01
Development,Alassane,Iwayama,1988-04-19,9999-01-01
Development,Girolamo,Anandan,1992-10-11,9999-01-01
Marketing,Xiping,Klerer,1995-02-05,1999-05-15
Finance,Yolla,Ellozy,1991-11-23,1999-08-07
Sales,Yolla,Ellozy,1999-08-07,9999-01-01
Customer Service,Yuping,Alpin,1996-02-24,9999-01-01
Development,Vishu,Strehl,1991-11-22,9999-01-01
Development,Divier,Esteva,1996-01-28,9999-01-01
Customer Service,Jackson,Kakkad,1994-10-06,9999-01-01
Sales,Tadahiko,Ciolek,1988-02-29,9999-01-01
Sales,Xiaobin,Duclos,1991-11-23,9999-01-01
Research,Amstein,Ghemri,1987-10-30,9999-01-01
Production,Yongmin,Roison,1986-05-12,1993-08-05
Production,Zhenhua,Magalhaes,1997-01-31,9999-01-01
Customer Service,Genta,Kolvik,1993-03-31,1994-10-23
Development,Genta,Kolvik,1994-10-23,9999-01-01
Finance,Kish,Fasbender,1997-09-16,9999-01-01
Production,Yucai,Granlund,1988-06-08,2000-10-04
Production,Tze,Nourani,1986-06-08,9999-01-01
Development,Carrsten,Schmiedel,1998-04-01,9999-01-01
Production,Leon,Trogemann,1988-01-09,9999-01-01
Customer Service,Kellie,Chinen,1995-12-14,9999-01-01
Sales,Xinglin,Plessier,1996-01-29,9999-01-01
Development,Anneli,Kaiser,1994-11-01,9999-01-01
Marketing,Karoline,Cesareni,1993-01-28,9999-01-01
Sales,Karoline,Cesareni,1992-12-22,1993-01-28
Quality Management,Ulises,Takanami,1996-02-20,2000-06-30
Research,Clyde,Vernadat,1996-06-16,9999-01-01
Customer Service,Shaowen,Desikan,1998-09-09,9999-01-01
Sales,Marko,Auria,1992-06-04,9999-01-01
Human Resources,Lein,Vendrig,1994-04-29,9999-01-01
Sales,Arunachalam,Bakhtari,1990-11-19,1999-08-06
Production,Susanta,Roccetti,1995-04-06,9999-01-01
Sales,Susumu,Bade,1996-08-30,9999-01-01
Sales,Yannis,Mandell,1989-08-11,2000-02-21
Development,Mototsugu,Gire,1995-03-31,1996-05-25
Research,Mototsugu,Gire,1996-05-25,9999-01-01
Marketing,Nikolaos,Llado,1996-05-04,9999-01-01
Quality Management,Remko,Maccarone,1998-10-06,9999-01-01
Finance,Ortrud,Murillo,1988-06-12,9999-01-01
Production,Lunjin,Ozeri,1988-01-18,9999-01-01
Sales,Wonhee,Pouyioutas,1986-06-07,9999-01-01
Development,Foong,Flasterstein,1999-09-16,9999-01-01
Research,Ramalingam,Gente,1994-04-21,1995-02-20
Production,Basem,Teitelbaum,1991-02-01,9999-01-01
Production,Heon,Riefers,1992-08-14,9999-01-01
Sales,Frederique,Tempesti,1991-08-13,9999-01-01
Development,Marie,Boreale,1991-12-08,1998-04-13
Research,Marie,Boreale,1998-04-13,9999-01-01
Quality Management,Serap,Etalle,1992-08-30,9999-01-01
Research,Alair,Rosenbaum,1992-06-25,9999-01-01
Production,Shirish,Wegerle,1990-11-08,9999-01-01
Sales,Zsolt,Salinas,1985-02-21,1994-03-20
Sales,Shen,Brattka,1990-06-14,9999-01-01
Production,Roddy,Garnick,1993-05-12,1999-11-14
Sales,Irene,Radhakrishnan,1985-10-12,9999-01-01
Production,Aiman,Riexinger,1997-07-16,9999-01-01
Development,Basil,Ishibashi,1985-05-17,9999-01-01
Customer Service,Susanna,Vesel,1994-08-15,1999-01-06
Marketing,Susanna,Vesel,1987-07-25,1994-08-15
Production,Alper,Suomi,1993-02-01,9999-01-01
Development,Mang,Erie,1996-09-11,1999-02-23
Sales,Mahendra,Maraist,1996-01-22,9999-01-01
Finance,Takahiro,Waterhouse,1996-12-21,9999-01-01
Development,Nalini,Kawashimo,1997-07-16,9999-01-01
Quality Management,Ramalingam,Muniz,1997-09-12,9999-01-01
Production,Sukumar,Rassart,1990-05-25,9999-01-01
Production,Shaunak,Cullers,1997-04-26,9999-01-01
Development,Nishit,Siochi,1986-12-17,1988-04-15
Production,Nishit,Siochi,1988-04-15,1990-08-17
Production,Taizo,Oxman,1988-07-24,9999-01-01
Sales,Bedir,Hartvigsen,1991-09-26,9999-01-01
Development,Sham,Eastman,1986-05-23,9999-01-01
Finance,Yishai,Cannane,1997-10-23,9999-01-01
Sales,Baocai,Lieblein,1985-11-06,9999-01-01
Development,Dmitri,Pearson,1997-02-02,9999-01-01
Development,Marek,Luck,1987-09-08,9999-01-01
Development,Xuejun,Hempstead,1986-10-19,2000-02-04
Sales,Isaac,Schwartzbauer,1985-06-16,9999-01-01
Development,Lubomir,Nitsch,1993-07-02,1997-02-14
Customer Service,Barton,Jumpertz,1999-07-11,9999-01-01
Production,Barton,Jumpertz,1995-04-26,1999-07-11
Human Resources,Stabislas,Delgrange,1995-01-27,9999-01-01
Quality Management,Moty,Kusakari,1994-12-03,9999-01-01
Production,Hercules,Benzmuller,1996-05-02,9999-01-01
Development,Kauko,Birjandi,1988-05-25,9999-01-01
Production,Masali,Murrill,1999-07-06,9999-01-01
Research,Zhonghui,Preusig,1995-05-25,9999-01-01
Customer Service,Saddek,Gopalakrishnan,1994-12-24,1999-01-24
Development,Marie,Pietracaprina,1997-09-05,9999-01-01
Research,Marie,Pietracaprina,1992-12-28,1997-09-05
Production,Selwyn,Perri,1994-08-29,9999-01-01
Development,Shay,Poulakidas,1993-03-12,2002-01-31
Development,Yongmao,Pleszkun,1991-09-18,9999-01-01
Sales,Dipayan,Seghrouchni,1987-03-30,9999-01-01
Sales,Yucel,Ghelli,1989-06-05,9999-01-01
Production,Mihalis,Avouris,1992-12-12,9999-01-01
Development,Rutger,Miara,1999-01-30,1999-05-04
Finance,Kristine,Velardi,1995-06-19,9999-01-01
Sales,Petter,Lorho,1989-09-16,9999-01-01
Production,Narain,Oaver,1986-05-28,9999-01-01
Production,Dietrich,DuCasse,2002-05-05,9999-01-01
Research,Dietrich,DuCasse,1999-04-27,2002-05-05
Sales,Ipke,Stentiford,1990-01-10,9999-01-01
Production,Tadahiko,Ulupinar,1991-05-17,9999-01-01
Finance,Lucien,Staudhammer,1988-05-23,9999-01-01
Sales,Faiza,Baer,1986-07-22,1999-11-09
Production,Marlo,Zschoche,1990-02-05,2000-11-15
Sales,Bernt,Erie,1992-11-16,2002-05-08
Development,Hirochika,Piancastelli,1988-10-31,1992-06-02
Sales,Heng,Kilgour,1993-09-06,9999-01-01
Production,Nikolaos,Leaver,1999-10-16,2000-01-21
Quality Management,Nikolaos,Leaver,2000-01-21,9999-01-01
Sales,Dzung,Holburn,1992-12-29,9999-01-01
Development,Prodip,Schusler,1997-05-02,9999-01-01
Production,Aksel,Alencar,1990-10-24,2001-07-26
Development,Hsiangchu,Molenkamp,1998-11-04,9999-01-01
Production,Rasiah,Deyuan,1986-08-28,9999-01-01
Research,Subbu,Riexinger,1994-10-10,9999-01-01
Sales,Christfried,Apsitis,1986-01-16,9999-01-01
Development,Maris,Angelopoulos,1987-08-28,9999-01-01
Quality Management,Christoper,Schwaller,1990-12-18,1991-01-02
Production,Arie,Birge,2000-07-05,9999-01-01
Research,Arie,Birge,1999-01-24,2000-07-05
Development,Mototsugu,Beilner,1987-03-23,9999-01-01
Sales,Mechthild,Miyakawa,1994-06-18,9999-01-01
Sales,Uinam,Stasinski,1988-11-03,2001-12-23
Sales,Guenter,Ravishankar,1995-07-24,1999-08-14
Development,Isamu,Dahlbom,1990-01-29,9999-01-01
Production,Kankanahalli,Hinsberger,1991-06-06,9999-01-01
Development,Bernardo,Rouquie,1999-07-19,9999-01-01
Human Resources,Arunachalam,Badr,1990-09-20,9999-01-01
Research,Masali,Czap,1998-09-02,9999-01-01
Development,Roded,Facello,1987-09-18,1988-05-10
Research,Roded,Facello,1988-05-10,1993-05-22
Development,Serenella,Kawashima,1998-07-17,9999-01-01
Production,Remko,Shigei,1986-01-20,9999-01-01
Sales,Kasturi,Bellmore,1993-10-08,9999-01-01
Sales,Arto,Binkley,1986-10-29,9999-01-01
Production,Masanao,Bain,1988-10-20,1997-03-07
Development,Snehasis,Dymetman,1993-01-16,9999-01-01
Customer Service,Falguni,Erie,1998-02-15,9999-01-01
Customer Service,Toshimori,Bahi,1999-11-07,9999-01-01
Sales,Toshimori,Bahi,1992-04-06,1999-11-07
Research,Goa,Rothe,1996-09-27,9999-01-01
Production,Jeong,Sadowsky,1998-04-25,9999-01-01
Customer Service,Heon,Ranai,1999-12-29,9999-01-01
Production,Teunis,Liedekerke,1989-11-30,9999-01-01
Marketing,Djelloul,Laventhal,1988-03-30,9999-01-01
Production,Wilmer,Greenaway,1987-04-29,1998-11-11
Development,Stella,Hiroyama,1987-07-25,9999-01-01
Quality Management,Dinah,Syrzycki,1997-10-03,9999-01-01
Production,Uwe,Garnier,1999-04-19,2001-11-11
Quality Management,Uwe,Garnier,2001-11-11,9999-01-01
Development,Arra,Ratnakar,1993-11-08,9999-01-01
Sales,Aamod,Radwan,1992-01-17,1996-04-20
Research,Pradeep,Kaminger,1998-02-20,9999-01-01
Production,Mahendra,Picco,1995-10-22,9999-01-01
Customer Service,Oksana,Brodie,1991-09-28,9999-01-01
Production,Kristen,Kavvadias,1991-05-11,1998-01-16
Finance,Tadahiko,Strehl,1995-05-01,9999-01-01
Development,Erzsebet,Ohori,1998-12-16,9999-01-01
Marketing,Phule,Hammerschmidt,1989-08-24,9999-01-01
Finance,Moto,Kusakari,1999-03-03,2000-03-03
Human Resources,Moto,Kusakari,2000-03-03,2002-01-01
Sales,Satyanarayana,Cochrane,1996-01-26,9999-01-01
Research,Vasilis,Standera,1995-06-26,9999-01-01
Quality Management,Hausi,Sidhu,1994-04-04,9999-01-01
Development,Qunsheng,Tagansky,1991-02-19,9999-01-01
Development,Heekeun,Sambasivam,1998-07-20,9999-01-01
Human Resources,Irene,Munck,1996-09-04,9999-01-01
Sales,Seshu,Sidou,1986-10-23,9999-01-01
Human Resources,Shalesh,dAstous,1990-11-02,1997-07-16
Production,Toshiki,Muniz,1985-09-11,1987-05-18
Quality Management,Toshiki,Muniz,1987-05-18,1993-02-12
Production,Nakhoon,Dengi,1985-11-14,9999-01-01
Research,Rosine,Granlund,1987-10-22,1992-04-04
Development,Morrie,Piazza,1997-08-15,9999-01-01
Marketing,Hyuckchul,Gini,1991-06-24,9999-01-01
Production,Hatim,Koshiba,1996-05-16,9999-01-01
Sales,Qunsheng,Toyoshima,1994-09-05,9999-01-01
Sales,Clyde,Fandrianto,1992-04-18,9999-01-01
Production,Ioana,Kirkerud,1989-11-28,9999-01-01
Production,Anneli,Frijda,1985-07-30,9999-01-01
Development,Hongzue,Heijenga,1997-04-26,9999-01-01
Customer Service,Willard,Rosin,1995-04-25,1996-03-29
Sales,Willard,Rosin,1993-12-08,1995-04-25
Sales,Dante,Kalafatis,1994-05-29,9999-01-01
Production,Fai,Bale,1990-12-08,9999-01-01
Production,Marl,Grospietsch,1996-08-24,9999-01-01
Sales,Takahira,Lichtner,1992-08-31,9999-01-01
Development,Mikhail,Rosis,1996-07-15,9999-01-01
Sales,Alejandro,Kamble,1985-03-19,9999-01-01
Production,Jiong,Parfitt,1991-12-04,9999-01-01
Customer Service,Shirish,Dredge,1999-05-07,2000-10-27
Production,Shirish,Dredge,1998-07-01,1999-05-07
Production,Leucio,Aumann,1991-06-19,9999-01-01
Marketing,Feiyu,Luft,1986-01-16,9999-01-01
Production,Khatoun,Imataki,1992-12-20,1998-01-23
Development,Eishiro,Miyakawa,1985-08-02,9999-01-01
Customer Service,Parto,Wrigley,1994-01-07,9999-01-01
Sales,Hironoby,Kaiser,1999-05-28,9999-01-01
Development,Make,Peir,1999-05-13,9999-01-01
Quality Management,Wanqing,Bratten,1989-05-17,9999-01-01
Development,Hongzue,Akaboshi,1993-01-28,9999-01-01
Production,Jiann,Hainaut,1992-03-01,1997-08-09
Quality Management,Jiann,Hainaut,1997-08-09,9999-01-01
Production,Yagil,DasSarma,1989-06-23,9999-01-01
Development,Shawna,Meriste,1991-03-14,1991-08-25
Development,Takahiro,Deverell,1998-08-10,2001-08-13
Development,Sibyl,Rahier,1986-01-11,9999-01-01
Production,Irena,Reutenauer,1993-05-21,9999-01-01
Sales,Shooichi,Escriba,1990-10-12,9999-01-01
Sales,Guenter,Marchegay,2000-01-26,9999-01-01
Sales,Ortrud,Nitto,1993-10-17,9999-01-01
Quality Management,Eckart,Barriga,1999-10-25,2001-04-25
Quality Management,Volkmar,Ebeling,1987-01-02,9999-01-01
Finance,Atreyi,Mungall,1991-09-13,1995-03-07
Sales,Atreyi,Mungall,1995-03-07,2001-06-15
Development,Prodip,Rosti,1988-08-28,9999-01-01
Quality Management,Hilary,Budinsky,1998-09-26,2000-12-05
Quality Management,Sigeru,Wynblatt,1996-01-26,9999-01-01
Sales,Ulf,Siepmann,1999-10-30,9999-01-01
Sales,Martijn,Kaiser,1998-10-07,9999-01-01
Development,Mario,Straney,1997-09-26,9999-01-01
Sales,Takahito,Gecsei,1993-10-16,1996-07-21
Sales,Lidong,Klerer,1989-09-02,9999-01-01
Customer Service,Masoud,Fabrizio,2000-05-19,9999-01-01
Production,Masoud,Fabrizio,1991-11-21,2000-05-19
Human Resources,Danel,Impagliazzo,1991-12-27,9999-01-01
Development,Yinlin,Alpin,1990-05-30,1994-12-02
Development,Mark,Coorg,1993-10-25,9999-01-01
Finance,Uli,Keustermans,1989-03-24,9999-01-01
Sales,Bingning,Bakhtari,1999-06-27,9999-01-01
Marketing,Candida,Porotnikoff,1996-10-04,9999-01-01
Research,Maria,Bauknecht,1992-04-25,2002-07-06
Research,Kaijung,Riesenhuber,1988-01-17,2000-07-09
Customer Service,Divine,Marzano,1990-04-07,9999-01-01
Production,Greger,Rubsam,1995-01-03,1997-09-30
Quality Management,Greger,Rubsam,1997-09-30,9999-01-01
Research,Dante,Cronin,1999-05-27,9999-01-01
Development,Babette,Straney,1989-08-07,9999-01-01
Production,Sashi,Osgood,1995-05-07,2002-05-06
Development,Arunas,Luce,1985-07-06,9999-01-01
Sales,Khosrow,Sudbeck,1994-10-03,9999-01-01
Human Resources,Cathie,Brlek,1992-06-04,9999-01-01
Development,Martien,Improta,1988-09-23,9999-01-01
Customer Service,Ferdinand,Chenney,1999-07-17,9999-01-01
Production,Ferdinand,Chenney,1998-07-05,1999-07-17
Sales,Patricio,Bugrara,1987-10-08,9999-01-01
Customer Service,Hisao,Tiemann,1990-08-13,9999-01-01
Quality Management,Reuven,Dengi,1992-11-26,9999-01-01
Production,Dzung,Peltason,1995-06-27,2002-06-22
Development,Marsha,Tagansky,1996-06-08,9999-01-01
Human Resources,Yahiko,Lammel,1988-01-30,9999-01-01
Quality Management,Narain,Reeker,1996-04-12,9999-01-01
Production,Evgueni,Srimani,1990-01-19,9999-01-01
Development,Jolita,Jarecki,1993-05-01,9999-01-01
Development,Akeel,Narahara,1997-04-04,2000-01-30
Research,Akeel,Narahara,2000-01-30,9999-01-01
Production,Adel,Perfilyeva,1988-07-12,9999-01-01
Sales,Volkmar,Unno,1992-02-12,2001-03-13
Development,Shichao,Litvinov,1989-08-01,2002-07-06
Sales,Kazuhira,Rosis,1994-10-23,9999-01-01
Development,Junichi,Kavanagh,1987-11-04,9999-01-01
Development,Ebru,Chepyzhov,1996-12-25,9999-01-01
Quality Management,Ronghao,Yavatkar,1988-12-29,2000-11-15
Sales,Phule,Oxenboll,1992-03-12,9999-01-01
Marketing,Aleksandar,Sudkamp,1996-03-12,9999-01-01
Sales,Aleksandar,Sudkamp,1987-03-28,1996-03-12
Development,Khun,Harbusch,1997-08-24,9999-01-01
Production,Bodh,Ranta,1988-03-12,9999-01-01
Development,Werner,Hasham,1995-11-12,2001-10-11
Customer Service,Tsvetan,Matzel,1985-04-02,9999-01-01
Sales,Wonhee,Badr,1989-04-16,9999-01-01
Sales,Sverrir,Streng,1995-02-19,9999-01-01
Finance,Stepehn,Hardjono,2000-01-06,9999-01-01
Quality Management,Oddvar,Schlenzig,1999-10-23,9999-01-01
Sales,Gina,Engelmann,1994-07-05,9999-01-01
Finance,Ennio,Trogemann,1998-06-14,9999-01-01
Human Resources,Ennio,Trogemann,1997-06-28,1998-06-14
Development,Shushma,VanScheik,1999-06-30,2001-04-15
Sales,Gal,Karcich,1987-08-03,9999-01-01
Production,Sumali,Schlenzig,1996-03-25,9999-01-01
Sales,Ung,Zaiane,1994-02-17,9999-01-01
Human Resources,Mang,Maginnis,1991-05-21,9999-01-01
Customer Service,Claudi,Shackel,1994-12-11,9999-01-01
Customer Service,Jiakeng,Himler,1997-08-22,2000-08-15
Human Resources,Dipayan,Suomi,1992-05-22,1999-11-01
Sales,Yoshimitsu,Shobatake,1991-05-28,9999-01-01
Development,Munehiko,Ananiadou,1985-06-05,1992-12-26
Research,Munehiko,Ananiadou,1992-12-26,9999-01-01
Production,Peternela,Iwayama,1989-09-19,9999-01-01
Quality Management,Jouko,Yamaashi,1990-11-18,9999-01-01
Sales,Salvador,Lodder,1999-12-01,2002-01-02
Production,Przemyslawa,Oskamp,1997-09-23,9999-01-01
Production,Kenton,Garnham,1987-02-21,9999-01-01
Production,Mario,Rodite,1992-05-13,1994-12-30
Research,Kokou,Iisaka,1987-09-20,9999-01-01
Development,Guoxiang,Trogemann,1997-05-26,9999-01-01
Customer Service,Maik,Ushiama,1992-06-09,1993-02-10
Development,Maik,Ushiama,1993-02-10,9999-01-01
Production,Duro,Coney,1993-07-24,9999-01-01
Finance,Make,Baba,1988-05-18,1989-06-03
Production,Yongmao,Pintelas,1989-10-03,9999-01-01
Development,Goa,Pleszkun,1996-02-26,9999-01-01
Quality Management,Zhiwei,Anick,1993-11-10,9999-01-01
Human Resources,Nirmal,Varley,1996-12-20,9999-01-01
Development,Teruyuki,Sundgren,1996-01-21,9999-01-01
Quality Management,Amstein,Kossowski,1987-10-08,9999-01-01
Production,Perla,Middleton,1992-08-14,9999-01-01
Development,Mihalis,Heering,1994-07-09,1996-11-18
Research,Mihalis,Heering,1996-11-18,9999-01-01
Development,Elvia,Homond,1989-09-10,1989-10-06
Sales,Huiqun,Vuskovic,1992-11-22,9999-01-01
Marketing,Garnik,Narahari,1990-01-17,9999-01-01
Development,Lobel,Kumaresan,1988-04-29,9999-01-01
Sales,Maris,Haraldson,1998-10-29,9999-01-01
Production,Yakkov,Servieres,1991-12-18,9999-01-01
Production,Anyuan,Zhiwei,1989-09-24,9999-01-01
Finance,Gretta,Baig,1995-08-29,1999-01-26
Production,Pramod,Rabehasaina,1992-01-22,9999-01-01
Production,Valter,Cappelletti,1994-03-09,9999-01-01
Marketing,Maik,Luft,1996-07-31,1998-03-16
Sales,Maik,Luft,1998-03-16,9999-01-01
Development,Vojin,Narwekar,1996-12-16,9999-01-01
Development,Susuma,Larfeldt,1988-09-08,9999-01-01
Quality Management,Yonghoan,Marshall,1993-03-04,9999-01-01
Production,Dannz,Pell,1997-03-13,9999-01-01
Sales,Xiong,Varker,1999-10-19,9999-01-01
Sales,Isamu,Auria,1985-07-23,1998-03-26
Development,Kazuhisa,Kroll,1996-12-01,9999-01-01
Human Resources,Kasidit,Belinskaya,1990-09-30,9999-01-01
Production,Kotesh,Liedekerke,1991-05-01,9999-01-01
Sales,Abdelwaheb,Riesenhuber,1992-10-06,9999-01-01
Customer Service,Keung,Slobodova,1992-09-21,9999-01-01
Sales,Keung,Slobodova,1990-04-20,1992-09-21
Production,Khoa,Marrevee,1992-01-27,9999-01-01
Human Resources,Udi,Gihr,1989-11-28,9999-01-01
Finance,Yuichiro,Schicker,1991-04-02,9999-01-01
Research,Tomofumi,McClure,1992-04-29,1995-04-02
Sales,Raimond,Kirkerud,1990-01-06,1998-07-21
Development,Xiadong,Luga,1985-10-19,9999-01-01
Sales,Tiina,Speek,1990-12-25,9999-01-01
Development,Marin,Lanphier,1993-09-03,9999-01-01
Development,Yonghoan,Alencar,1994-02-09,2001-10-13
Research,Yonghoan,Alencar,1992-12-05,1994-02-09
Production,Jenwei,Ecklund,1996-09-05,9999-01-01
Sales,Kwangsub,Setia,1989-05-11,9999-01-01
Human Resources,Marke,Cesareni,1986-12-12,9999-01-01
Production,Malu,Skafidas,1989-12-23,9999-01-01
Production,Shigehiro,Cincotta,1985-10-09,9999-01-01
Sales,Yuchang,Lunt,1990-07-08,1995-12-20
Production,Kwangho,Theuretzbacher,1988-02-27,9999-01-01
Development,Tetsushi,Barvinok,1996-01-25,9999-01-01
Development,Koichi,Lakshmanan,1993-10-28,9999-01-01
Development,Ymte,Yetto,1997-07-04,1999-06-12
Production,Ymte,Yetto,1999-06-12,9999-01-01
Development,Boriana,Coors,1987-09-23,9999-01-01
Human Resources,Oguz,Gimbel,1995-03-16,9999-01-01
Sales,Mary,Wossner,1986-05-18,9999-01-01
Sales,Mohamadou,Smailagic,1990-08-17,9999-01-01
Research,Dinah,Bahl,1998-01-26,2001-03-03
Customer Service,Shalesh,Stroustrup,1991-08-22,9999-01-01
Sales,Yechiam,Sambasivam,1988-10-07,9999-01-01
Sales,Stella,Benzmuller,1996-09-25,9999-01-01
Development,Przemyslawa,Falby,1987-07-23,1991-09-22
Production,Przemyslawa,Falby,1991-09-22,1998-12-13
Sales,Yucel,Reinhard,1990-06-05,9999-01-01
Production,Martins,Barriga,1994-05-03,9999-01-01
Sales,Godehard,Eiter,1986-02-28,1986-10-01
Development,Yannis,Couchot,1992-02-07,9999-01-01
Finance,Lein,Lichtman,1998-11-24,9999-01-01
Research,Ishfaq,Krzyzanowski,1995-04-29,9999-01-01
Production,Hauke,dAstous,1990-06-30,9999-01-01
Research,Nechama,Schapiro,1991-04-14,9999-01-01
Development,Snehasis,Brobst,1988-02-14,1989-06-19
Marketing,Ramalingam,Gunderson,1991-10-04,9999-01-01
Sales,Ramalingam,Gunderson,1986-07-04,1991-10-04
Development,Beshir,Kisuki,1996-10-11,9999-01-01
Quality Management,Manton,Leuchs,1985-02-03,9999-01-01
Quality Management,Jeong,Rijsenbrij,1988-08-06,9999-01-01
Production,Kazuhito,Shiratori,1998-08-31,9999-01-01
Development,Rajmohan,Wallrath,1990-07-22,9999-01-01
Development,Dines,Gerlach,1990-11-28,9999-01-01
Sales,Vitaly,Picci,1992-05-22,1993-01-19
Finance,JoAnna,Taubman,1992-04-15,9999-01-01
Development,Sashi,Karlin,1992-09-18,1994-08-25
Research,Sashi,Karlin,1994-08-25,9999-01-01
Production,Hisao,Famili,1992-04-22,9999-01-01
Sales,Arumugam,Comellas,1999-04-05,9999-01-01
Development,Yinlin,Esteva,1996-09-03,9999-01-01
Sales,Serge,Joslin,1997-06-30,9999-01-01
Development,Shuky,Pearson,1997-07-24,9999-01-01
Development,Mohit,Spelt,1992-09-29,2002-01-01
Production,Jianhao,Thisen,1995-11-23,9999-01-01
Production,Yishay,Harnett,1996-08-05,9999-01-01
Development,Jianhui,Zuberek,1990-08-23,1997-10-26
Marketing,Dietrich,Journel,1997-02-17,9999-01-01
Sales,Dietrich,Journel,1992-10-18,1997-02-17
Sales,Gao,Poulakidas,1995-07-08,9999-01-01
Research,Sreenivas,Bashian,1987-03-13,9999-01-01
Sales,Alassane,Morrin,1986-06-16,2000-03-25
Development,Fun,Varman,1985-02-24,9999-01-01
Production,Cordelia,Axelband,1988-02-16,9999-01-01
Sales,Tetsushi,Speel,1999-08-20,9999-01-01
Human Resources,Salvador,Olano,1999-11-15,9999-01-01
Production,Theirry,Yeung,1988-10-04,2000-11-22
Finance,Xiaoqiu,Krychniak,1991-01-03,9999-01-01
Production,Ennio,Schmiedel,2001-08-01,9999-01-01
Research,Ennio,Schmiedel,1993-07-02,2001-08-01
Development,Shigeaki,Shanbhogue,1989-11-24,9999-01-01
Development,Aiman,Stentiford,1991-06-02,9999-01-01
Customer Service,Christoper,Rehfuss,1991-03-02,9999-01-01
Production,Odinaldo,Prochazka,1994-04-13,9999-01-01
Development,Shmuel,Juneja,1995-11-06,9999-01-01
Production,Prasadram,Stille,1985-02-14,1998-05-29
Development,Mana,Papastamatiou,1986-02-17,9999-01-01
Development,Sajjad,Willoner,1991-01-09,1994-08-24
Research,Sajjad,Willoner,1994-08-24,9999-01-01
Production,Kirk,Vuskovic,1992-02-04,9999-01-01
Development,Behnaam,Srimani,1991-11-20,9999-01-01
Production,Shigeo,Dulay,1988-07-25,9999-01-01
Finance,Subbu,Sanella,1994-01-26,9999-01-01
Research,Yongqiao,Kalloufi,1986-04-09,9999-01-01
Marketing,Hidde,Hettesheimer,1987-06-18,1988-09-20
Sales,Almudena,Alvarado,1993-09-27,9999-01-01
Development,Falguni,Kenevan,1990-09-12,2000-03-29
Production,Falguni,Kenevan,2000-03-29,9999-01-01
Development,Kiyokazu,Whitcomb,1988-04-02,9999-01-01
Production,Giri,Undy,1989-11-24,9999-01-01
Sales,Sanjit,Coors,1996-05-23,9999-01-01
Sales,Lucien,Schaad,1990-04-01,9999-01-01
Production,Margo,Gronowski,1998-06-22,2000-09-27
Development,Seshu,Crelier,1991-11-17,9999-01-01
Sales,Emran,Rettelbach,1992-04-27,9999-01-01
Customer Service,Barton,Usdin,1999-07-24,2002-05-09
Marketing,Douadi,Wossner,1989-04-23,1993-11-06
Sales,Wayne,Restivo,1995-07-20,9999-01-01
Development,Susanna,Brizzi,1990-04-07,2002-07-29
Production,Susanna,Brizzi,2002-07-29,9999-01-01
Quality Management,Moti,Wixon,1993-07-01,9999-01-01
Development,Toshiki,Marakhovsky,1987-05-02,9999-01-01
Development,Rosalyn,Hambrick,1996-01-13,9999-01-01
Production,Adhemar,Talmor,1986-05-25,1991-06-02
Development,Janche,Zhang,1994-12-03,9999-01-01
Development,Irena,Roccetti,1997-03-30,9999-01-01
Development,Karsten,Blokdijk,1989-09-16,9999-01-01
Production,Gil,Peroz,1991-09-02,9999-01-01
Human Resources,Inderjeet,Jansen,1997-10-13,9999-01-01
Customer Service,Gila,Ozeri,1997-02-27,9999-01-01
Production,Gila,Ozeri,1990-03-03,1997-02-27
Finance,Keung,Delgrande,1996-03-10,9999-01-01
Sales,Tommaso,Marwedel,1996-11-07,9999-01-01
Customer Service,Hidekazu,Angel,1991-10-30,2001-10-03
Production,Ranga,Yeung,1994-10-07,9999-01-01
Sales,Vivian,Kusakabe,1993-04-09,9999-01-01
Development,Marit,Veeraraghavan,1990-11-10,9999-01-01
Development,Hinrich,Siepmann,1992-02-10,9999-01-01
Production,Turgut,Narlikar,1989-05-15,9999-01-01
Development,Aleksander,Danlos,1992-01-15,1996-02-11
Research,Aleksander,Danlos,1996-02-11,9999-01-01
Production,Sham,Gyorkos,1990-05-07,9999-01-01
Development,Leszek,Petereit,1986-07-15,1995-01-13
Human Resources,Danil,Deverell,1996-12-03,9999-01-01
Human Resources,Shigeu,Itzfeldt,1995-03-13,9999-01-01
Development,Krisda,Krogh,1987-03-14,9999-01-01
Sales,Lalit,Francisci,1999-10-20,2001-12-07
Production,Bezalel,Katzenelson,1997-01-13,9999-01-01
Development,Inderjeet,Chaudhuri,1994-10-18,9999-01-01
Development,Yoshimitsu,Velardi,1985-07-25,1987-11-20
Sales,Sorina,Herber,1997-05-16,9999-01-01
Development,Nahid,Chepyzhov,1990-11-11,1994-04-02
Research,Nahid,Chepyzhov,1994-04-02,9999-01-01
Production,Toney,Angiulli,1991-09-22,1999-12-20
Human Resources,Saeko,Porotnikoff,1996-09-25,9999-01-01
Sales,Heejo,Frolund,1993-07-11,2000-01-19
Sales,Jenwei,Borovoy,1994-11-10,9999-01-01
Development,Pramod,Erol,1992-10-25,9999-01-01
Sales,Anneke,Meszaros,1992-12-04,9999-01-01
Development,Guozhong,Zucker,1993-03-21,9999-01-01
Development,Hirochika,Narlikar,1998-10-05,9999-01-01
Development,Slavian,Keirsey,1987-11-11,9999-01-01
Finance,Pranas,Benaini,1985-05-29,1995-07-19
Sales,Pranas,Benaini,1995-07-19,1995-08-25
Production,Fumiyo,Esposito,1988-03-01,9999-01-01
Customer Service,Uri,Chorvat,1996-01-31,9999-01-01
Production,Tesuro,Bahk,1997-09-03,9999-01-01
Development,Marlo,Ratnaker,1988-02-16,9999-01-01
Customer Service,Vitali,Welham,1998-06-23,9999-01-01
Development,Hongzhu,Chepyzhov,1992-10-04,9999-01-01
Research,Zijian,Maginnis,1996-01-08,9999-01-01
Research,Danai,Chachaty,1990-02-12,1992-01-13
Development,Otmar,Feinberg,1987-04-30,9999-01-01
Production,Nahla,Castellani,1990-03-25,9999-01-01
Finance,Remko,Dalton,1997-07-04,2000-11-22
Sales,Remko,Dalton,2000-11-22,9999-01-01
Production,Sanjay,Litzkow,1988-06-21,9999-01-01
Finance,Juichirou,Kitsuregawa,1992-03-26,9999-01-01
Marketing,Junsik,Rijckaert,1994-04-29,9999-01-01
Development,Dinah,Shackel,1995-06-01,9999-01-01
Development,Jouko,Kolinko,1988-08-12,1991-07-12
Marketing,Ottavia,Giarratana,1988-01-12,9999-01-01
Production,Arto,Serra,1999-12-17,9999-01-01
Development,Teunis,Noriega,1993-01-23,1999-02-12
Production,Teunis,Noriega,1999-02-12,9999-01-01
Production,Xumin,Peck,1989-12-24,9999-01-01
Development,Qingxiang,Snyers,1988-01-23,2000-07-13
Finance,Zhonghua,Reeker,1989-05-20,9999-01-01
Customer Service,Makato,Cusworth,1999-07-28,9999-01-01
Finance,Maren,Granlund,1997-11-28,1999-09-03
Customer Service,Yurij,Iisaka,1996-11-17,9999-01-01
Sales,Shunichi,McAffer,1988-03-23,9999-01-01
Human Resources,Parviz,Rebaine,1995-09-14,9999-01-01
Production,Bluma,Zeilberger,1991-09-29,1996-04-19
Development,Hyuckchul,Casperson,1994-07-29,1997-11-18
Research,Hyuckchul,Casperson,1997-11-18,1998-01-14
Development,Abdelaziz,Bisiani,1999-03-17,9999-01-01
Finance,Ymte,Waschkowski,1993-02-02,9999-01-01
Development,Valeri,Danley,1999-09-04,9999-01-01
Development,Alejandra,Perng,1999-10-13,9999-01-01
Development,Chriss,Gide,1987-08-02,9999-01-01
Human Resources,Neven,Brender,1990-05-13,9999-01-01
Development,Kish,Honglei,1992-11-21,1998-12-08
Marketing,Florina,Garnier,2002-01-08,9999-01-01
Sales,Florina,Garnier,1995-10-02,2002-01-08
Customer Service,Bedir,Haumacher,1990-11-09,9999-01-01
Production,Guiseppe,Stranks,1997-06-23,9999-01-01
Production,Aimee,Tokunaga,1999-10-28,9999-01-01
Finance,Zongyan,Cusworth,1995-12-27,1996-10-20
Development,Avishai,Azadmanesh,1987-05-17,9999-01-01
Research,Leon,Kaiser,1990-03-13,9999-01-01
Finance,Xiaopeng,Lanphier,1986-04-13,9999-01-01
Human Resources,Satoru,Otillio,1988-08-05,9999-01-01
Development,Matt,Jumpertz,1989-08-22,1995-10-04
Production,Matt,Jumpertz,1995-10-04,9999-01-01
Development,Denny,Setia,1989-09-17,9999-01-01
Sales,Larisa,Bage,1993-03-22,9999-01-01
Customer Service,Berhard,Daescu,1986-01-08,9999-01-01
Marketing,Rildo,Straney,1988-01-26,2001-07-11
Production,Zorica,Acton,1998-05-19,9999-01-01
Development,Unal,Fendler,1991-09-09,9999-01-01
Customer Service,Bluma,Hiltgen,1999-08-29,9999-01-01
Development,Barton,Engberts,1994-12-08,9999-01-01
Quality Management,Hatim,Deverell,1985-11-17,9999-01-01
Development,Angel,Mondadori,1998-04-14,2002-06-27
Customer Service,Hyuncheol,Zolotykh,1989-10-07,9999-01-01
Sales,Hyuncheol,Zolotykh,1986-10-27,1989-10-07
Development,Bader,Szemeredi,1991-01-14,9999-01-01
Production,Giri,Baumann,1996-05-12,9999-01-01
Research,Yolla,Kropatsch,1995-02-17,9999-01-01
Sales,Hironobu,Wynblatt,1990-07-18,9999-01-01
Production,Gonzalo,Eldridge,1994-05-03,2001-04-08
Development,Moty,Trystram,1990-12-24,9999-01-01
Research,Aral,Erman,1999-11-09,9999-01-01
Development,Jiafu,Mateescu,1986-02-02,1988-02-21
Research,Jiafu,Mateescu,1988-02-21,9999-01-01
Sales,Sorina,Kermarrec,1995-07-09,9999-01-01
Development,Arvind,DuBourdieux,1991-06-21,9999-01-01
Development,Uma,Koprowski,1994-08-18,9999-01-01
Research,Jagoda,Naumovich,1986-04-26,2001-02-21
Development,Aran,Sadowsky,1999-11-24,9999-01-01
Production,Goa,Poehlman,1999-10-28,9999-01-01
Development,Aiman,Constantine,1987-08-12,9999-01-01
Human Resources,Serap,Tasistro,1991-09-13,9999-01-01
Development,Adib,Rullman,1988-07-21,9999-01-01
Development,Guenter,Karunanithi,1995-09-05,1999-07-31
Production,Odinaldo,Kruskal,2001-08-05,9999-01-01
Research,Odinaldo,Kruskal,1996-06-26,2001-08-05
Customer Service,Bernd,Redmiles,1999-07-15,9999-01-01
Marketing,Dung,Gornas,1989-01-17,2000-04-14
Production,Eckart,Harnett,1997-07-14,9999-01-01
Production,Aluzio,Narlikar,1995-12-07,9999-01-01
Sales,Garnet,Isard,1990-09-08,9999-01-01
Development,Zita,Minakawa,1992-02-25,9999-01-01
Finance,Saeed,Kitai,1991-01-08,2000-06-06
Quality Management,Ugo,Maliniak,1989-12-09,9999-01-01
Production,Percy,Lorho,1986-04-20,9999-01-01
Development,Mohit,Janetzko,1996-05-14,1996-05-27
Production,Mohit,Janetzko,1996-05-27,1998-06-07
Finance,Fumitaka,Peak,1987-02-20,2000-10-09
Production,Morris,Andreotta,1994-12-21,9999-01-01
Customer Service,Sangeeta,Rodham,1996-02-20,9999-01-01
Production,Sachar,Erdi,1995-12-19,9999-01-01
Customer Service,Morrie,Gewali,1985-10-29,9999-01-01
Quality Management,Gurbir,Hellwagner,1991-09-26,9999-01-01
Production,Vincent,Schwartzbauer,1999-06-22,9999-01-01
Development,Rosita,Oppitz,1991-04-30,1992-01-06
Research,Rosita,Oppitz,1992-01-06,9999-01-01
Development,Gor,Iacovou,1985-03-30,9999-01-01
Development,Suzette,Sadowski,1996-04-30,2002-03-17
Marketing,Sven,Huttel,1989-01-06,9999-01-01
Development,Shim,Wiegley,1997-04-03,9999-01-01
Finance,Kiyomitsu,Peltason,1999-11-05,9999-01-01
Sales,Yaghout,Syang,1985-12-29,1992-06-03
Production,Poorav,Ranze,1988-01-23,9999-01-01
Development,Kolar,Usery,1990-08-31,9999-01-01
Production,Falguni,Khalid,1990-10-08,1999-09-20
Finance,Yuchang,Francisci,1990-08-14,1992-04-04
Human Resources,Yuchang,Francisci,1992-04-04,9999-01-01
Production,King,Brendel,1985-09-26,9999-01-01
Development,Roddy,Demeyer,1998-11-06,9999-01-01
Development,Jordanka,Ushiama,1999-12-14,2000-12-05
Quality Management,Byong,Conde,1993-05-28,9999-01-01
Production,Pradeep,Harbusch,1985-05-17,1999-08-25
Sales,Chenyi,Feinberg,1988-01-11,9999-01-01
Development,Odysseas,Ressouche,1995-04-01,2001-11-13
Development,Paddy,Brizzi,1997-10-07,2000-12-16
Production,Paddy,Brizzi,2000-12-16,9999-01-01
Development,Florina,Simkin,1986-01-06,1991-10-18
Production,Fumiyo,Boyle,1999-07-01,9999-01-01
Production,JiYoung,Chenney,1991-12-04,9999-01-01
Finance,Phillip,Dratva,1997-08-22,9999-01-01
Finance,Sumali,Liedekerke,1992-05-30,1999-01-04
Research,Lech,Himler,1992-01-21,9999-01-01
Production,Giap,Bolsens,1987-02-23,9999-01-01
Development,Yunming,Beetstra,1989-11-27,9999-01-01
Marketing,Goetz,Norsworthy,1994-05-08,1994-05-11
Sales,Goetz,Norsworthy,1994-05-07,1994-05-08
Human Resources,Nathalie,Standera,1999-09-18,9999-01-01
Sales,Monique,Doering,1997-07-15,9999-01-01
Production,Ishfaq,Candan,1985-07-04,9999-01-01
Development,Vishv,Bouloucos,1991-08-30,9999-01-01
Sales,Bedir,Perry,1987-12-25,1989-02-27
Customer Service,Guiseppe,Kleiser,1996-04-01,9999-01-01
Development,Munehiro,Dayana,1990-02-22,9999-01-01
Customer Service,Avishai,Bahr,1997-02-09,1997-11-29
Production,Jacqueline,Masand,1990-01-26,9999-01-01
Customer Service,Xiaoheng,Sluis,1999-03-17,9999-01-01
Production,Xiaoheng,Sluis,1994-12-30,1999-03-17
Development,Mahmut,Skafidas,1986-03-16,9999-01-01
Production,Mizuhito,Kemmerer,1990-03-17,2001-03-27
Marketing,Selwyn,Merey,1986-07-04,9999-01-01
Customer Service,Mori,Yavatkar,1988-01-11,9999-01-01
Production,Goncalo,Staudhammer,1994-08-01,1996-08-18
Customer Service,Patricio,Leuchs,1991-02-04,9999-01-01
Research,Kish,Perna,1997-07-06,2002-03-30
Human Resources,Moty,Kenevan,1994-05-15,9999-01-01
Development,Weijing,Bottner,1998-10-14,9999-01-01
Quality Management,Keiichiro,Marzano,1994-11-11,9999-01-01
Production,Patricia,dAstous,1997-06-06,2001-12-10
Quality Management,Patricia,dAstous,2001-12-10,9999-01-01
Marketing,Shiv,Neimat,1991-07-19,2002-07-27
Sales,Frazer,Ullian,1998-05-29,9999-01-01
Customer Service,Aruna,Journel,1998-01-26,9999-01-01
Production,Yurij,Schonegge,1999-03-02,9999-01-01
Development,Tadahiko,Sgarro,1988-07-30,9999-01-01
Development,Chinya,Birdsall,1985-08-10,1993-12-20
Development,Oksana,Roisin,1990-09-18,9999-01-01
Research,Teunis,Berztiss,1994-05-24,9999-01-01
Sales,Supot,Naudin,1993-05-03,9999-01-01
Quality Management,Khoa,Rousseau,1990-11-08,9999-01-01
Development,Goetz,Hiyoshi,1988-08-21,1997-06-02
Production,Goetz,Hiyoshi,1997-06-02,9999-01-01
Production,Elliott,Bednarek,1996-09-21,9999-01-01
Development,Gad,Griswold,1989-03-01,9999-01-01
Production,Yuchang,Matzke,1993-05-20,9999-01-01
Production,Uinam,Zschoche,1998-04-07,2001-01-15
Production,Masato,Setlzner,1985-08-24,9999-01-01
Quality Management,Katsuyuki,Velasco,1988-04-20,2002-04-02
Sales,Terresa,Benantar,1997-06-09,9999-01-01
Research,Kerhong,Bernick,1987-05-26,9999-01-01
Finance,Giap,Matzel,1993-04-25,1994-04-08
Human Resources,Giap,Matzel,1994-04-08,9999-01-01
Sales,Munehiro,Zallocco,1999-10-19,9999-01-01
Development,Chenxi,Leijenhorst,1987-03-07,9999-01-01
Development,Shim,Feldhoffer,1988-02-25,9999-01-01
Sales,Lijie,Lunn,1994-09-07,9999-01-01
Production,Ashish,Fortenbacher,1997-07-08,9999-01-01
Production,Berthier,Menhoudj,1996-09-20,1997-10-06
Sales,Shalesh,Shumilov,1990-04-27,9999-01-01
Sales,Nidapan,Dymetman,1993-07-17,9999-01-01
Human Resources,Renny,Pramanik,1994-04-19,9999-01-01
Customer Service,Morris,Caine,1991-05-22,9999-01-01
Customer Service,Uri,Rullman,2000-01-24,9999-01-01
Sales,Uri,Rullman,1990-12-26,2000-01-24
Human Resources,Huan,Monarch,1998-04-09,9999-01-01
Production,Pascal,Sooriamurthi,1986-08-02,1999-12-28
Marketing,Baocai,Pena,1992-06-26,9999-01-01
Development,Irena,Schurmann,1988-10-06,1990-04-17
Development,Masaru,Passino,1986-01-11,9999-01-01
Human Resources,Arfst,Mikschl,1999-08-19,9999-01-01
Marketing,Kirk,Kalsbeek,1995-08-01,9999-01-01
Development,Fan,Fairtlough,1993-12-04,2000-06-03
Production,Fan,Fairtlough,2000-06-03,9999-01-01
Development,Arnd,Anandan,1993-01-22,9999-01-01
Finance,Willard,Danley,1996-11-07,9999-01-01
Sales,Godehard,Gammage,1986-02-14,1990-03-30
Human Resources,Alper,Narahara,1993-07-21,1993-11-29
Marketing,Fen,Fiebach,1991-08-24,9999-01-01
Development,Toong,Driscoll,1998-02-22,9999-01-01
Sales,Hidde,Bergere,1986-10-11,9999-01-01
Quality Management,Krisda,Gecseg,1998-12-23,9999-01-01
Production,Huiqun,Rajcani,1990-11-24,9999-01-01
Production,Tomoyuki,Kermarrec,1995-08-22,9999-01-01
Customer Service,Jianhua,Leivant,1991-07-01,9999-01-01
Sales,Jianhua,Leivant,1987-08-10,1991-07-01
Sales,Chuanti,Karlin,1986-01-14,2002-02-22
Quality Management,Deniz,Ramras,1994-04-26,9999-01-01
Production,Gurbir,Katiyar,1996-12-30,9999-01-01
Production,Mohammad,Koshino,1993-06-04,9999-01-01
Customer Service,Pranav,Lieberherr,1992-01-22,9999-01-01
Development,Berni,Sanella,1986-07-14,1998-06-27
Development,Honesty,Smeets,1990-04-26,9999-01-01
Development,Dipayan,Koprowski,1997-04-25,9999-01-01
Development,Hidde,Tasistro,1997-01-25,9999-01-01
Development,Tokuyasu,Serre,1995-01-17,1997-04-03
Research,Tokuyasu,Serre,1997-04-03,9999-01-01
Research,Theirry,Danley,1986-07-25,9999-01-01
Production,Fen,Bratsberg,1985-04-20,9999-01-01
Development,Makato,Mayerwieser,1995-06-25,9999-01-01
Finance,Florina,Schapire,1990-04-22,1995-05-11
Research,Piyawadee,Copas,1994-11-21,9999-01-01
Production,Hercules,Munck,1999-08-21,9999-01-01
Quality Management,Yoshinari,Kalloufi,1993-05-03,9999-01-01
Development,Jagoda,Nannarelli,1998-07-13,9999-01-01
Finance,Kwangho,Reinhart,1993-03-29,1997-03-02
Sales,Kwangho,Reinhart,1997-03-02,9999-01-01
Customer Service,Sreenivas,Peck,1986-12-31,1990-06-18
Sales,Fusako,Stenning,1990-04-04,9999-01-01
Development,Kenroku,Gonthier,1997-01-01,9999-01-01
Marketing,King,Bernini,1996-05-21,9999-01-01
Quality Management,Gino,Werthner,1998-01-22,9999-01-01
Development,Howell,Baek,1989-06-10,1992-04-12
Sales,Zhenbing,Kadhim,1985-07-23,9999-01-01
Production,Byong,Bhattacharjee,1985-12-25,9999-01-01
Sales,Elliott,Spieker,1986-09-25,9999-01-01
Customer Service,Danco,Etalle,1993-07-03,1993-09-19
Sales,Danco,Etalle,1993-05-29,1993-07-03
Finance,Fayez,Yeung,1990-12-27,9999-01-01
Production,Billur,Gyorkos,1997-03-23,2002-03-22
Production,Houman,Unno,1990-03-20,9999-01-01
Customer Service,Guangming,Jonsson,1997-09-04,1998-10-15
Production,Shahid,Leppanen,1988-01-13,9999-01-01
Customer Service,Aram,Gilg,1999-06-16,9999-01-01
Finance,Karoline,Speel,1990-09-06,9999-01-01
Finance,Sukumar,Wegerle,1994-03-23,9999-01-01
Production,Mahmut,Borstler,1986-04-22,1997-12-28
Quality Management,Mahmut,Borstler,1997-12-28,9999-01-01
Quality Management,Filipp,Suri,1988-05-19,9999-01-01
Sales,Vincent,Papastamatiou,1995-01-29,1999-09-14
Marketing,Subir,Biron,1986-06-06,9999-01-01
Sales,Lakshmi,Deville,1997-04-25,9999-01-01
Development,Muzhong,Chleq,1985-08-15,9999-01-01
Production,Weiye,Nitsche,1992-01-11,9999-01-01
Production,Katsuo,Miake,1997-02-18,1998-10-25
Development,Fun,Heuser,1999-04-29,9999-01-01
Production,Shimshon,Champarnaud,1996-12-28,9999-01-01
Development,Teunis,Kleiser,1993-04-15,9999-01-01
Marketing,Rayond,Cronau,1997-09-29,9999-01-01
Sales,Rayond,Cronau,1991-08-19,1997-09-29
Development,Sushant,Begiun,1995-03-26,9999-01-01
Development,Lunjin,DeMori,1989-03-17,9999-01-01
Development,Kwangho,Dredge,1987-06-28,1989-09-11
Sales,Cheong,Coors,1987-08-11,9999-01-01
Sales,Ramzi,Furudate,1990-03-10,9999-01-01
Development,Susanne,Jiang,1995-10-06,9999-01-01
Human Resources,Kazunori,Vieth,1990-04-11,9999-01-01
Marketing,Danil,Kropatsch,1989-08-23,9999-01-01
Production,Suebskul,Srimani,1995-12-05,9999-01-01
Customer Service,Vishwani,Petersohn,1986-12-25,1987-04-13
Sales,Vishwani,Petersohn,1986-04-26,1986-12-25
Production,Adil,Taubenfeld,1997-11-27,9999-01-01
Sales,Arno,Kumaresan,1986-04-09,9999-01-01
Production,Munenori,Markovitch,1993-01-08,9999-01-01
Marketing,Valery,Rousseau,1990-04-05,9999-01-01
Development,Ferdinand,Prenel,1995-09-07,9999-01-01
Finance,Chrisa,Narahara,1998-08-05,9999-01-01
Development,Inderjeet,Perly,1990-06-11,1990-09-25
Customer Service,Visit,Nyanchama,1989-02-14,9999-01-01
Development,Debatosh,Colorni,1993-04-16,9999-01-01
Production,Jianhui,Aloia,1985-02-28,1986-03-07
Finance,Munehiro,Carrere,1998-10-18,2001-04-25
Sales,Munehiro,Carrere,2001-04-25,9999-01-01
Human Resources,JiYoung,Luks,1988-12-25,9999-01-01
Human Resources,Rajmohan,Koblick,1986-04-05,9999-01-01
Development,Georgi,Atchley,1993-12-26,9999-01-01
Customer Service,Arco,Jervis,1989-09-02,9999-01-01
Production,Shay,Casley,1988-06-25,9999-01-01
Finance,Oscal,Fasbender,1986-04-23,1999-09-26
Finance,Narain,Thummel,1998-10-25,9999-01-01
Sales,Mizuhito,Prochazka,1998-03-24,1998-09-01
Production,Valery,Skafidas,1999-10-28,9999-01-01
Development,Make,Spataro,1998-03-12,1998-10-02
Production,Make,Spataro,1998-10-02,9999-01-01
Development,Tesuya,Slaats,1993-01-30,9999-01-01
Finance,Susumu,Reghbati,1990-01-29,1990-10-10
Marketing,Reinhard,Lindenbaum,1999-10-30,9999-01-01
Human Resources,Ronghao,Narahara,1992-02-24,9999-01-01
Production,Mara,Bahi,1986-07-27,9999-01-01
Sales,Kyoichi,Wossner,1996-02-02,1999-01-16
Sales,Younwoo,Maquelin,1990-04-09,9999-01-01
Sales,Hironoby,Atchley,1988-08-14,9999-01-01
Production,Heng,Waterhouse,1991-06-11,9999-01-01
Customer Service,Leni,Eppinger,1992-11-04,9999-01-01
Production,Leni,Eppinger,1990-04-30,1992-11-04
Marketing,Gal,Scallan,1986-09-12,9999-01-01
Marketing,Udaiprakash,Schmezko,1991-04-07,9999-01-01
Marketing,Sumali,Arlazarov,1991-04-15,9999-01-01
Production,Arch,Minakawa,1991-11-22,9999-01-01
Production,Abdulla,Beutelspacher,1992-06-14,1999-09-19
Development,Avishai,Picci,1994-09-09,9999-01-01
Production,Juyoung,Seghrouchni,1993-08-02,9999-01-01
Finance,Bartek,Strooper,1995-09-17,9999-01-01
Finance,Morris,Famili,1994-10-17,9999-01-01
Human Resources,Mountaz,Schicker,1990-05-09,9999-01-01
Development,Anyuan,Nanard,1988-06-16,1991-05-03
Production,Anyuan,Nanard,1991-05-03,9999-01-01
Marketing,Shaowei,Iisaku,1985-09-24,9999-01-01
Quality Management,Matk,Akazan,1997-12-11,9999-01-01
Development,Aleksander,Fioravanti,1997-06-30,1999-12-02
Marketing,Katsuyuki,Norsworthy,1993-08-22,9999-01-01
Development,Toshimitsu,Larfeldt,1996-01-21,9999-01-01
Development,Berna,Skafidas,1993-05-22,9999-01-01
Production,Remko,Zyda,1995-09-07,9999-01-01
Production,Kazuhiro,Kushnir,1993-04-04,9999-01-01
Customer Service,Shaz,Kabayashi,1996-10-26,9999-01-01
Customer Service,Gor,Usery,1995-11-16,9999-01-01
Development,Shigehito,Brodie,1996-09-30,1997-04-29
Research,Shigehito,Brodie,1997-04-29,1997-06-23
Finance,Shigeichiro,Wroclawski,1990-06-29,9999-01-01
Production,Sushant,Staylopatis,1996-06-08,1998-01-13
Finance,Marco,Iisaku,1989-07-06,9999-01-01
Development,Inderjeet,Bharadwaj,1986-07-22,1988-04-26
Sales,Jahangir,Laventhal,1987-02-12,9999-01-01
Customer Service,Ranga,Burnard,1995-12-14,9999-01-01
Sales,Urs,Danley,1986-09-27,9999-01-01
Development,Arno,Picel,1995-12-02,1997-02-10
Production,Arno,Picel,1997-02-10,9999-01-01
Sales,Duke,Schnabel,1990-10-01,9999-01-01
Development,Huican,Katalagarianos,1988-11-27,9999-01-01
Sales,Kerryn,Vigier,1994-03-01,1996-04-12
Sales,Billur,Braunschweig,1995-07-07,9999-01-01
Development,Weiwu,Choobineh,1993-11-04,9999-01-01
Sales,Naraig,Kugler,1986-12-16,9999-01-01
Development,Hatsukazu,Swist,1988-01-14,1995-04-10
Finance,Takushi,Bolsens,1991-05-05,9999-01-01
Sales,Eckart,Braunschweig,1986-07-29,9999-01-01
Production,Danel,Pardalos,1999-11-12,9999-01-01
Research,Danel,Pardalos,1997-02-05,1999-11-12
Development,Eran,Adachi,1993-08-01,9999-01-01
Sales,Lakshmi,Kolinko,1985-08-11,9999-01-01
Development,Premal,Noriega,1994-05-12,9999-01-01
Production,Gen,Tiemann,1995-11-14,9999-01-01
Development,Isamu,Vadhan,1991-07-30,1998-10-24
Development,Fumiko,Asser,1987-06-06,9999-01-01
Development,Valdiodio,Raczkowsky,1989-03-05,9999-01-01
Development,Muneo,Papsdorf,1999-05-17,9999-01-01
Customer Service,Peternela,Birnbaum,1997-01-14,9999-01-01
Production,Peternela,Birnbaum,1992-03-30,1997-01-14
Production,Hitomi,Valette,1998-10-31,9999-01-01
Sales,Toong,Murrill,1987-08-10,1987-10-01
Production,Huiqun,Bellone,1985-05-18,9999-01-01
Production,Elrique,Raney,1986-01-27,9999-01-01
Development,Filipp,Munawer,1989-01-04,9999-01-01
Sales,Sugwoo,Dulin,1992-07-07,9999-01-01
Research,Yishay,Decleir,1989-11-11,9999-01-01
Production,Somnath,Parascandalo,1988-02-22,9999-01-01
Production,Pranjal,Billawala,1988-07-09,1993-05-14
Development,Chiradeep,Furedi,1999-02-11,1999-02-27
Research,Chiradeep,Furedi,1999-02-27,1999-03-10
Development,Masako,Schiper,1985-10-11,9999-01-01
Development,Flemming,Baezner,1997-05-21,9999-01-01
Development,Chinya,Deyuan,1985-06-19,9999-01-01
Finance,Sumali,Candan,1985-07-20,9999-01-01
Development,Shin,Foote,1990-08-06,9999-01-01
Development,Munehiro,Aingworth,1999-07-13,9999-01-01
Development,Zhensheng,Juneja,1997-04-27,9999-01-01
Quality Management,Arve,Erde,1992-05-29,9999-01-01
Development,Divine,Aingworth,1987-06-29,1987-11-13
Production,Divine,Aingworth,1987-11-13,1989-05-24
Marketing,Chenye,Hertweck,1997-07-19,9999-01-01
Sales,Matk,Rahimi,1990-02-07,9999-01-01
Production,Alselm,Parascandalo,2000-01-04,9999-01-01
Sales,Marlo,Kandlur,1996-08-07,9999-01-01
Development,Insup,Benveniste,1996-03-05,1997-04-19
